{"stats":{"minecraft:mined":{"minecraft:spruce_planks":6,"minecraft:oak_sapling":1,"minecraft:obsidian":2,"minecraft:spruce_trapdoor":6,"minecraft:granite":178,"minecraft:stone_brick_wall":2,"minecraft:grass_block":2345,"minecraft:brown_wool":1,"minecraft:purple_stained_glass_pane":8,"minecraft:deepslate_bricks":17,"minecraft:soul_soil":1,"minecraft:composter":1,"minecraft:crimson_fungus":5,"minecraft:weeping_vines_plant":1,"minecraft:tall_seagrass":44,"minecraft:magma_block":156,"minecraft:glowstone":107,"minecraft:cobbled_deepslate":3,"minecraft:iron_ore":79,"minecraft:fire":33,"minecraft:deepslate_lapis_ore":3,"minecraft:pointed_dripstone":25,"minecraft:dirt_path":2,"minecraft:oak_stairs":9,"minecraft:deepslate_brick_stairs":131,"minecraft:bamboo_slab":4,"minecraft:kelp_plant":161,"minecraft:crimson_nylium":58,"minecraft:smoker":1,"minecraft:clay":912,"minecraft:torch":11,"minecraft:blast_furnace":2,"minecraft:chest":7,"minecraft:polished_diorite_slab":3,"minecraft:glass":7,"minecraft:cobblestone":10,"minecraft:nether_quartz_ore":639,"minecraft:oak_planks":12,"minecraft:sugar_cane":30,"minecraft:bricks":131,"minecraft:wall_torch":27,"minecraft:seagrass":20,"minecraft:bamboo_planks":11,"minecraft:nether_wart_block":2,"minecraft:mud":1,"minecraft:birch_log":85,"minecraft:wheat":153,"minecraft:lilac":1,"minecraft:light_gray_wool":1,"minecraft:warped_fungus":2,"minecraft:stone_brick_stairs":520,"minecraft:grass":1,"minecraft:oak_log":455,"minecraft:sand":203,"minecraft:dirt":2512,"minecraft:stonecutter":13,"minecraft:netherrack":559,"minecraft:oak_leaves":309,"minecraft:deepslate":38,"minecraft:nether_gold_ore":98,"minecraft:tuff":1,"travelersbackpack:lapis":2,"minecraft:deepslate_diamond_ore":11,"minecraft:oak_door":4,"minecraft:stripped_birch_log":18,"travelersbackpack:fox":9,"minecraft:ladder":8,"minecraft:decorated_pot":1,"minecraft:crimson_roots":7,"minecraft:spruce_leaves":125,"minecraft:kelp":68,"minecraft:large_fern":5,"minecraft:furnace":1,"minecraft:carrots":48,"minecraft:andesite":28,"minecraft:polished_deepslate":6,"minecraft:rail":6,"minecraft:potatoes":101,"minecraft:deepslate_iron_ore":6,"minecraft:lantern":9,"minecraft:crimson_door":1,"minecraft:packed_ice":11,"travelersbackpack:bee":37,"minecraft:stone":3528,"minecraft:white_wool":9,"minecraft:smithing_table":1,"minecraft:scaffolding":257,"minecraft:soul_sand":19,"minecraft:stone_brick_slab":76,"minecraft:dandelion":1,"minecraft:spruce_door":1,"travelersbackpack:standard":3,"minecraft:crafting_table":3,"minecraft:cornflower":67,"minecraft:copper_ore":40,"minecraft:lapis_ore":8,"minecraft:dried_kelp_block":4,"minecraft:diorite":951,"minecraft:spruce_stairs":11,"minecraft:sweet_berry_bush":7,"minecraft:ice":8,"minecraft:spruce_log":329,"minecraft:birch_leaves":3,"minecraft:coal_ore":195,"minecraft:gravel":145,"minecraft:cobweb":14,"minecraft:stone_bricks":1085,"travelersbackpack:enderman":1,"minecraft:gold_ore":2,"travelersbackpack:cake":1,"minecraft:fern":2},"minecraft:killed":{"minecraft:cave_spider":2,"minecraft:witch":1,"minecraft:spider":32,"minecraft:skeleton":42,"minecraft:salmon":325,"minecraft:creeper":37,"minecraft:sheep":4,"minecraft:pillager":16,"minecraft:zombie":143,"minecraft:ghast":2,"minecraft:glow_squid":1,"minecraft:cow":45,"minecraft:drowned":12,"minecraft:hoglin":5,"minecraft:squid":5,"minecraft:polar_bear":1,"minecraft:enderman":7},"minecraft:dropped":{"minecraft:iron_sword":2,"minecraft:soul_sand":38,"minecraft:brown_mushroom":2,"minecraft:lapis_lazuli":28,"minecraft:warped_fungus":3,"minecraft:oak_log":89,"minecraft:baked_potato":2,"minecraft:ender_pearl":3,"minecraft:glass_bottle":15,"minecraft:diamond":83,"minecraft:dark_oak_sapling":4,"minecraft:crossbow":2,"minecraft:glow_berries":5,"minecraft:lantern":9,"minecraft:leather":1,"minecraft:honeycomb":3,"travelersbackpack:iron_tier_upgrade":1,"travelersbackpack:standard":7,"minecraft:flint":1,"minecraft:dirt":703,"minecraft:brush":1,"minecraft:crimson_roots":19,"minecraft:amethyst_shard":4,"minecraft:gold_nugget":32,"minecraft:bone_meal":1,"minecraft:sand":8,"minecraft:sugar":2,"minecraft:iron_pickaxe":3,"minecraft:crimson_door":1,"minecraft:white_wool":2,"minecraft:gold_ingot":43,"minecraft:bone":22,"minecraft:oak_door":1,"minecraft:gravel":23,"minecraft:crimson_fungus":7,"minecraft:stone_axe":1,"minecraft:compass":1,"minecraft:sugar_cane":2,"minecraft:cobbled_deepslate":7,"minecraft:wheat":21,"minecraft:birch_sapling":5,"minecraft:pointed_dripstone":91,"minecraft:rotten_flesh":116,"minecraft:oak_planks":171,"minecraft:diamond_shovel":4,"minecraft:azure_bluet":1,"minecraft:honey_bottle":4,"minecraft:carrot":1,"minecraft:salmon":77,"minecraft:poppy":1,"minecraft:quartz_block":238,"minecraft:glowstone":233,"minecraft:chest":2,"minecraft:arrow":3,"travelersbackpack:fox":4,"minecraft:glass":2,"minecraft:stone_brick_stairs":7,"minecraft:ghast_tear":1,"minecraft:scaffolding":28,"minecraft:quartz":38,"minecraft:netherrack":124,"minecraft:egg":1,"minecraft:iron_ingot":124,"minecraft:stone_hoe":1,"minecraft:enchanted_book":3,"minecraft:golden_boots":2,"minecraft:wheat_seeds":269,"minecraft:smithing_table":1,"minecraft:poisonous_potato":6,"minecraft:cobblestone":114,"minecraft:lead":3,"minecraft:apple":1,"minecraft:granite":2,"minecraft:bamboo_block":1,"travelersbackpack:wolf":2,"minecraft:grass_block":2,"minecraft:stick":64,"minecraft:dried_kelp_block":43,"minecraft:milk_bucket":2,"minecraft:diorite":631,"minecraft:wooden_hoe":3,"minecraft:ink_sac":1,"minecraft:torch":21,"minecraft:nether_wart_block":3,"minecraft:cooked_salmon":35,"minecraft:fire_charge":5,"minecraft:potion":1,"minecraft:dried_kelp":1,"minecraft:oak_stairs":2,"minecraft:white_banner":3,"minecraft:iron_axe":3,"minecraft:paper":21,"minecraft:iron_shovel":4,"minecraft:bamboo_slab":6,"minecraft:string":21,"minecraft:tripwire_hook":3,"minecraft:bucket":2,"minecraft:stone_brick_slab":56,"minecraft:dandelion":6,"minecraft:bamboo_planks":63,"minecraft:polished_diorite":64,"minecraft:bricks":652,"minecraft:sweet_berries":30,"minecraft:kelp":98,"minecraft:soul_soil":1,"minecraft:oak_trapdoor":2,"minecraft:netherite_ingot":1,"minecraft:polished_diorite_slab":2,"minecraft:tuff":3,"minecraft:raw_iron":1,"minecraft:clay_ball":4,"travelersbackpack:diamond_tier_upgrade":1,"minecraft:shears":1,"minecraft:stripped_bamboo_block":1,"minecraft:flint_and_steel":1,"minecraft:blast_furnace":1,"minecraft:filled_map":1,"minecraft:bamboo_stairs":8,"minecraft:stone":64,"minecraft:flower_pot":4,"travelersbackpack:lapis":1,"minecraft:spruce_planks":5,"minecraft:diamond_pickaxe":2,"travelersbackpack:crafting_upgrade":2,"minecraft:golden_leggings":3,"minecraft:oak_boat":1,"minecraft:oak_sapling":44,"minecraft:stone_bricks":363,"minecraft:spider_eye":5,"minecraft:bamboo":1,"minecraft:spruce_log":64,"minecraft:bow":1,"minecraft:stone_pickaxe":4,"travelersbackpack:cake":1,"minecraft:magma_block":5},"minecraft:broken":{"minecraft:iron_shovel":7,"minecraft:iron_boots":1,"minecraft:iron_chestplate":1,"minecraft:iron_leggings":1,"minecraft:stone_pickaxe":3,"minecraft:diamond_pickaxe":3,"minecraft:stone_axe":2,"minecraft:iron_sword":2,"minecraft:stone_shovel":4,"minecraft:stone_sword":1,"minecraft:shield":2,"minecraft:iron_axe":1,"minecraft:iron_pickaxe":7,"minecraft:iron_helmet":2},"minecraft:used":{"minecraft:polished_deepslate":6,"minecraft:iron_shovel":2006,"travelersbackpack:lapis":6,"minecraft:ladder":14,"minecraft:poppy":3,"minecraft:shield":100,"minecraft:chest":17,"minecraft:stone":612,"minecraft:iron_sword":513,"minecraft:carrot":63,"minecraft:beehive":1,"minecraft:glass":116,"minecraft:bricks":402,"minecraft:grass_block":3240,"minecraft:stone_brick_stairs":2425,"minecraft:stone_bricks":7168,"minecraft:birch_trapdoor":2,"minecraft:bow":14,"minecraft:warped_fungus":1,"minecraft:scaffolding":832,"minecraft:cooked_cod":15,"minecraft:potato":120,"travelersbackpack:enderman":1,"minecraft:diorite":23,"minecraft:cow_spawn_egg":1,"minecraft:spruce_door":4,"minecraft:oak_planks":364,"minecraft:stone_pickaxe":522,"minecraft:polished_diorite_slab":5,"minecraft:clay":13,"minecraft:composter":1,"minecraft:sugar_cane":41,"minecraft:diamond_axe":736,"minecraft:bamboo_stairs":2,"minecraft:sand":11,"travelersbackpack:bee":67,"minecraft:blast_furnace":2,"minecraft:stone_brick_wall":61,"minecraft:deepslate_brick_stairs":1049,"minecraft:stone_button":3,"minecraft:bread":36,"minecraft:lectern":6,"minecraft:gravel":7,"minecraft:diamond_sword":619,"minecraft:andesite":1,"minecraft:oak_boat":2,"minecraft:bone_meal":8,"minecraft:stone_sword":217,"minecraft:flint_and_steel":21,"minecraft:stone_shovel":544,"minecraft:spruce_planks":47,"minecraft:cooked_salmon":125,"minecraft:netherrack":353,"minecraft:spyglass":172,"minecraft:oak_door":6,"minecraft:bee_spawn_egg":7,"minecraft:torch":493,"minecraft:dirt":4319,"minecraft:anvil":1,"minecraft:spruce_stairs":163,"minecraft:granite":5,"minecraft:purple_stained_glass_pane":78,"minecraft:stone_brick_slab":846,"minecraft:iron_axe":433,"minecraft:oak_stairs":35,"minecraft:crimson_planks":12,"minecraft:glowstone":2,"travelersbackpack:hose":4,"travelersbackpack:cake":1,"minecraft:cooked_beef":29,"minecraft:cobbled_deepslate":3,"travelersbackpack:fox":45,"minecraft:bamboo_planks":126,"minecraft:wheat_seeds":389,"minecraft:glass_bottle":1,"minecraft:baked_potato":319,"minecraft:stonecutter":15,"minecraft:spruce_fence_gate":6,"minecraft:deepslate_bricks":493,"minecraft:salmon":4,"minecraft:tnt":29,"minecraft:crafting_table":5,"minecraft:spruce_log":249,"minecraft:dark_oak_door":1,"minecraft:smoker":3,"minecraft:mud":1,"minecraft:wooden_hoe":61,"minecraft:diamond_pickaxe":6552,"minecraft:diamond_shovel":3499,"travelersbackpack:bookshelf":2,"minecraft:iron_pickaxe":1750,"minecraft:stone_slab":1,"minecraft:spruce_trapdoor":108,"minecraft:bamboo_slab":16,"minecraft:stone_axe":242,"minecraft:cobblestone":83,"travelersbackpack:standard":8,"minecraft:brush":4,"minecraft:kelp":198},"minecraft:crafted":{"minecraft:smooth_stone":4,"minecraft:oak_planks":656,"minecraft:stone":62,"minecraft:diamond_shovel":4,"minecraft:bookshelf":7,"minecraft:cooked_mutton":4,"minecraft:bamboo_block":120,"minecraft:quartz_block":110,"minecraft:glass":63,"minecraft:stone_brick_slab":822,"minecraft:bow":2,"minecraft:diamond_leggings":1,"minecraft:chest":12,"travelersbackpack:fox":1,"minecraft:bricks":795,"minecraft:dried_kelp_block":1550,"minecraft:stone_bricks":7296,"minecraft:magenta_dye":2,"minecraft:flower_pot":4,"minecraft:smoker":2,"minecraft:oak_slab":42,"minecraft:diamond_axe":1,"minecraft:crafting_table":4,"minecraft:spruce_planks":640,"minecraft:spruce_door":3,"minecraft:copper_ingot":47,"minecraft:oak_wood":15,"minecraft:birch_planks":20,"minecraft:stone_brick_stairs":1,"minecraft:spruce_trapdoor":108,"minecraft:bamboo_planks":240,"minecraft:lectern":7,"minecraft:book":23,"minecraft:wooden_hoe":2,"minecraft:paper":84,"minecraft:diamond_pickaxe":4,"minecraft:charcoal":21,"minecraft:shield":1,"minecraft:stick":64,"minecraft:stone_slab":6,"minecraft:iron_ingot":427,"minecraft:iron_pickaxe":8,"minecraft:iron_block":3,"minecraft:stone_sword":1,"minecraft:gold_ingot":47,"minecraft:deepslate_bricks":1244,"minecraft:spruce_fence_gate":7,"minecraft:oak_door":6,"minecraft:stone_shovel":3,"minecraft:stone_brick_wall":84,"minecraft:furnace":3,"minecraft:stone_button":3,"minecraft:blast_furnace":1,"minecraft:oak_trapdoor":2,"minecraft:bamboo_stairs":4,"minecraft:diamond":99,"minecraft:spruce_stairs":152,"minecraft:polished_deepslate":1452,"minecraft:iron_axe":3,"minecraft:ladder":9,"minecraft:stone_pickaxe":3,"minecraft:diamond_boots":1,"minecraft:dark_oak_planks":12,"minecraft:purple_stained_glass_pane":48,"minecraft:crimson_planks":12,"minecraft:diamond_sword":1,"minecraft:dried_kelp":592,"minecraft:iron_sword":1,"minecraft:cooked_salmon":61,"minecraft:stone_axe":1,"minecraft:glowstone":107,"minecraft:air":0,"minecraft:bread":13,"minecraft:bamboo_slab":18,"minecraft:oak_boat":1,"minecraft:oak_stairs":28,"minecraft:birch_trapdoor":2,"minecraft:iron_shovel":8,"minecraft:stonecutter":2,"minecraft:anvil":1,"minecraft:torch":240},"minecraft:picked_up":{"minecraft:wheat":194,"minecraft:lead":5,"minecraft:smithing_table":1,"minecraft:diamond_sword":1,"minecraft:oak_stairs":10,"minecraft:enchanted_book":2,"minecraft:potion":1,"minecraft:nether_brick":43,"minecraft:stone_brick_stairs":596,"minecraft:polished_deepslate":6,"minecraft:string":99,"minecraft:soul_soil":1,"minecraft:raw_copper":135,"minecraft:cooked_salmon":88,"minecraft:netherite_ingot":2,"minecraft:gold_nugget":371,"minecraft:cobbled_deepslate":1407,"travelersbackpack:enderman":1,"minecraft:spruce_planks":6,"minecraft:iron_pickaxe":1,"minecraft:furnace":1,"minecraft:stick":135,"minecraft:composter":1,"minecraft:oak_fence":4,"minecraft:torch":207,"minecraft:bamboo_slab":14,"travelersbackpack:iron_tier_upgrade":1,"minecraft:spruce_stairs":11,"travelersbackpack:diamond_tier_upgrade":1,"minecraft:porkchop":13,"minecraft:pointed_dripstone":58,"minecraft:diorite":960,"travelersbackpack:crafting_upgrade":1,"minecraft:stone_sword":1,"minecraft:rotten_flesh":146,"minecraft:tropical_fish":1,"minecraft:glowstone":128,"minecraft:deepslate_brick_stairs":129,"minecraft:obsidian":4,"minecraft:cobblestone":3626,"minecraft:birch_log":84,"minecraft:magma_block":149,"minecraft:polished_diorite_slab":10,"minecraft:lilac":1,"minecraft:feather":1,"minecraft:cooked_beef":33,"minecraft:water_bucket":1,"minecraft:andesite":22,"minecraft:brown_wool":2,"minecraft:golden_leggings":4,"minecraft:smoker":1,"minecraft:potato":350,"minecraft:flint":17,"minecraft:tuff":5,"minecraft:purple_stained_glass":64,"minecraft:lapis_lazuli":350,"minecraft:stripped_birch_log":17,"minecraft:dirt":5414,"minecraft:lantern":10,"minecraft:stripped_bamboo_block":2,"minecraft:glass":68,"travelersbackpack:bookshelf":1,"minecraft:bone":102,"minecraft:bow":6,"minecraft:stonecutter":13,"minecraft:wheat_seeds":594,"minecraft:raw_gold":2,"travelersbackpack:bee":39,"minecraft:diamond_helmet":1,"minecraft:bamboo":1088,"minecraft:rabbit":1,"minecraft:glowstone_dust":428,"minecraft:oak_planks":122,"minecraft:ghast_tear":3,"minecraft:cooked_porkchop":11,"minecraft:poisonous_potato":8,"minecraft:sand":199,"minecraft:crimson_door":1,"minecraft:ink_sac":13,"minecraft:lily_of_the_valley":8,"minecraft:grass_block":6,"minecraft:spectral_arrow":73,"minecraft:clay":13,"minecraft:diamond":19,"minecraft:crossbow":1,"minecraft:granite":174,"minecraft:bone_meal":23,"minecraft:golden_apple":1,"minecraft:chainmail_helmet":2,"minecraft:bread":5,"minecraft:oak_sapling":215,"minecraft:netherrack":590,"minecraft:bricks":429,"minecraft:crimson_roots":19,"minecraft:diamond_pickaxe":2,"minecraft:mud":1,"minecraft:crafting_table":2,"minecraft:azure_bluet":1,"minecraft:ladder":8,"minecraft:clay_ball":3684,"minecraft:brown_mushroom":2,"minecraft:stone_brick_wall":2,"minecraft:shield":1,"minecraft:cornflower":63,"minecraft:compass":1,"minecraft:iron_shovel":3,"minecraft:blackstone":55,"travelersbackpack:lapis":5,"minecraft:beef":94,"minecraft:oak_boat":2,"minecraft:poppy":2,"minecraft:light_gray_wool":2,"minecraft:sugar_cane":61,"minecraft:chest":7,"minecraft:birch_sapling":18,"minecraft:spruce_trapdoor":6,"minecraft:egg":3,"minecraft:raw_iron":80,"minecraft:stone":179,"minecraft:oak_door":5,"minecraft:fire_charge":5,"minecraft:carrot":167,"travelersbackpack:hose":1,"minecraft:arrow":75,"minecraft:stone_shovel":1,"minecraft:diamond_chestplate":1,"minecraft:cooked_cod":28,"minecraft:decorated_pot":1,"minecraft:shears":1,"minecraft:deepslate_bricks":17,"minecraft:glow_berries":5,"minecraft:mutton":5,"minecraft:white_wool":14,"minecraft:bamboo_stairs":8,"minecraft:purple_dye":1,"minecraft:glow_ink_sac":5,"minecraft:crimson_stem":3,"minecraft:salmon":354,"minecraft:leather":57,"minecraft:filled_map":1,"minecraft:crimson_fungus":9,"minecraft:oak_log":468,"minecraft:chainmail_chestplate":1,"minecraft:golden_boots":5,"minecraft:nether_wart_block":3,"minecraft:gunpowder":54,"minecraft:wooden_hoe":1,"minecraft:white_banner":5,"minecraft:apple":21,"minecraft:stone_bricks":1779,"travelersbackpack:cake":2,"minecraft:kelp":9455,"minecraft:rabbit_hide":2,"minecraft:iron_ingot":1,"minecraft:stone_pickaxe":4,"minecraft:iron_sword":2,"minecraft:soul_sand":41,"minecraft:scaffolding":1258,"minecraft:oak_slab":2,"minecraft:warped_fungus":4,"minecraft:bamboo_planks":25,"minecraft:sweet_berries":151,"minecraft:stone_brick_slab":126,"minecraft:brush":1,"minecraft:quartz":682,"minecraft:dandelion":7,"minecraft:spyglass":1,"minecraft:gravel":176,"minecraft:lava_bucket":1,"minecraft:amethyst_shard":4,"minecraft:spruce_sapling":21,"minecraft:blast_furnace":2,"minecraft:spruce_log":491,"minecraft:spider_eye":18,"minecraft:spruce_door":3,"travelersbackpack:wolf":2,"travelersbackpack:fox":11,"travelersbackpack:standard":7,"minecraft:diamond_shovel":2,"minecraft:dried_kelp_block":42,"minecraft:stone_axe":2,"minecraft:polished_diorite":65,"minecraft:chainmail_leggings":1,"minecraft:gray_wool":1,"minecraft:baked_potato":79,"minecraft:coal":214,"minecraft:ender_pearl":6},"minecraft:killed_by":{"minecraft:creeper":5,"minecraft:drowned":1,"minecraft:spider":1,"minecraft:skeleton":3,"minecraft:phantom":1},"minecraft:custom":{"minecraft:animals_bred":51,"minecraft:interact_with_crafting_table":193,"minecraft:leave_game":50,"minecraft:time_since_death":142476,"minecraft:sprint_one_cm":8316278,"minecraft:damage_blocked_by_shield":5835,"minecraft:drop":446,"minecraft:talked_to_villager":2,"minecraft:play_time":4881305,"minecraft:deaths":18,"minecraft:jump":26726,"minecraft:walk_on_water_one_cm":753829,"minecraft:enchant_item":6,"minecraft:interact_with_furnace":410,"minecraft:sleep_in_bed":152,"minecraft:damage_dealt":74620,"minecraft:crouch_one_cm":349412,"minecraft:interact_with_smoker":318,"minecraft:interact_with_smithing_table":4,"minecraft:inspect_dispenser":5,"minecraft:interact_with_anvil":3,"minecraft:mob_kills":690,"minecraft:inspect_hopper":242,"minecraft:climb_one_cm":414439,"minecraft:walk_one_cm":10262984,"minecraft:sneak_time":125797,"minecraft:walk_under_water_one_cm":1097605,"minecraft:boat_one_cm":1648557,"minecraft:interact_with_blast_furnace":113,"minecraft:total_world_time":4881305,"minecraft:interact_with_stonecutter":88,"minecraft:time_since_rest":86,"minecraft:damage_taken":19916,"minecraft:trigger_trapped_chest":125,"minecraft:swim_one_cm":1653605,"minecraft:fly_one_cm":7935309,"minecraft:open_chest":1559,"minecraft:fall_one_cm":481364}},"DataVersion":3465}