{"stats":{"minecraft:killed_by":{"minecraft:skeleton":10,"minecraft:zombie":1},"minecraft:dropped":{"minecraft:wheat_seeds":4,"minecraft:ender_pearl":1,"minecraft:feather":1,"minecraft:granite":21,"travelersbackpack:standard":2,"minecraft:leather_helmet":1,"minecraft:diorite":3,"minecraft:iron_leggings":1,"minecraft:string":1,"minecraft:stone_sword":3,"minecraft:tuff":15,"minecraft:rotten_flesh":23,"minecraft:iron_boots":1,"minecraft:azure_bluet":2,"minecraft:iron_chestplate":1,"minecraft:andesite":92,"minecraft:spider_eye":3,"minecraft:stone_pickaxe":3},"minecraft:used":{"minecraft:stone_sword":196,"minecraft:stone_shovel":124,"minecraft:chest":6,"minecraft:iron_sword":685,"minecraft:cooked_salmon":52,"minecraft:stone_hoe":159,"minecraft:oak_door":17,"minecraft:torch":134,"minecraft:dirt":28,"minecraft:carrot":8,"minecraft:tuff":14,"minecraft:granite":1,"minecraft:iron_axe":72,"minecraft:birch_sapling":1,"minecraft:bow":20,"minecraft:hay_block":2,"minecraft:sweet_berries":217,"minecraft:furnace":3,"minecraft:cooked_beef":17,"minecraft:cobbled_deepslate":54,"minecraft:wheat_seeds":163,"minecraft:cooked_mutton":40,"minecraft:water_bucket":10,"minecraft:stone_pickaxe":1050,"minecraft:wooden_pickaxe":23,"minecraft:crafting_table":8,"minecraft:blast_furnace":1,"minecraft:white_bed":1,"minecraft:campfire":2,"minecraft:smoker":2,"minecraft:oxeye_daisy":1,"minecraft:iron_pickaxe":365,"travelersbackpack:white_sleeping_bag":10,"minecraft:stone_axe":68,"minecraft:cobblestone":69,"travelersbackpack:standard":6,"minecraft:cooked_porkchop":1,"minecraft:bucket":10},"minecraft:broken":{"minecraft:stone_sword":1,"minecraft:stone_hoe":1,"minecraft:stone_pickaxe":7,"minecraft:iron_sword":2,"minecraft:iron_pickaxe":1,"minecraft:iron_helmet":1},"minecraft:custom":{"minecraft:mob_kills":348,"minecraft:interact_with_crafting_table":49,"minecraft:interact_with_campfire":72,"minecraft:leave_game":5,"minecraft:time_since_death":70473,"minecraft:sprint_one_cm":885883,"minecraft:walk_one_cm":1057733,"minecraft:drop":54,"minecraft:play_time":437163,"minecraft:sneak_time":5572,"minecraft:deaths":15,"minecraft:walk_under_water_one_cm":91751,"minecraft:jump":6509,"minecraft:interact_with_blast_furnace":22,"minecraft:walk_on_water_one_cm":91531,"minecraft:total_world_time":437163,"minecraft:interact_with_furnace":34,"minecraft:sleep_in_bed":21,"minecraft:time_since_rest":8867,"minecraft:damage_taken":12480,"minecraft:damage_dealt":48628,"minecraft:swim_one_cm":370051,"minecraft:fly_one_cm":1044233,"minecraft:open_chest":150,"minecraft:crouch_one_cm":11426,"minecraft:interact_with_smoker":28,"minecraft:fall_one_cm":128488,"minecraft:horse_one_cm":5397},"minecraft:killed":{"minecraft:witch":1,"minecraft:spider":27,"minecraft:slime":4,"minecraft:skeleton":52,"minecraft:guardian":1,"minecraft:drowned":1,"minecraft:pig":4,"minecraft:zombie_villager":2,"minecraft:salmon":78,"minecraft:bat":1,"minecraft:creeper":15,"minecraft:sheep":22,"minecraft:zombie":123,"minecraft:cow":7,"minecraft:enderman":2},"minecraft:crafted":{"minecraft:oak_door":3,"minecraft:smooth_stone":6,"minecraft:oak_planks":84,"minecraft:stone_shovel":1,"minecraft:furnace":4,"minecraft:blast_furnace":1,"minecraft:stone":10,"minecraft:cooked_mutton":34,"minecraft:glass":12,"travelersbackpack:white_sleeping_bag":2,"minecraft:iron_boots":2,"minecraft:iron_axe":1,"minecraft:stone_pickaxe":8,"minecraft:chest":7,"minecraft:stone_hoe":1,"minecraft:smoker":1,"minecraft:cooked_beef":17,"minecraft:cooked_porkchop":3,"minecraft:crafting_table":3,"minecraft:spruce_planks":28,"travelersbackpack:backpack_tank":2,"minecraft:iron_helmet":2,"minecraft:wooden_pickaxe":1,"travelersbackpack:standard":1,"minecraft:iron_sword":3,"minecraft:cooked_salmon":19,"minecraft:bucket":1,"minecraft:birch_planks":28,"minecraft:hay_block":2,"minecraft:campfire":2,"minecraft:stone_axe":1,"minecraft:air":0,"minecraft:charcoal":4,"minecraft:iron_chestplate":2,"minecraft:diamond_pickaxe":1,"minecraft:stick":72,"minecraft:iron_ingot":106,"minecraft:iron_pickaxe":2,"minecraft:snow_block":4,"minecraft:stone_sword":2,"minecraft:iron_leggings":2,"minecraft:gold_ingot":40,"minecraft:white_bed":1,"minecraft:torch":120},"minecraft:picked_up":{"minecraft:charcoal":3,"minecraft:crafting_table":6,"minecraft:wheat":43,"minecraft:azure_bluet":2,"minecraft:chicken":1,"minecraft:string":34,"minecraft:cooked_salmon":58,"minecraft:cobbled_deepslate":421,"minecraft:beef":17,"minecraft:sugar_cane":20,"minecraft:birch_sapling":1,"minecraft:furnace":2,"minecraft:egg":10,"minecraft:golden_helmet":1,"minecraft:stick":4,"minecraft:raw_iron":206,"minecraft:oak_door":17,"minecraft:copper_ingot":1,"minecraft:torch":14,"minecraft:porkchop":9,"minecraft:diorite":3,"minecraft:carrot":9,"minecraft:redstone":31,"minecraft:stone_sword":2,"minecraft:arrow":61,"minecraft:rotten_flesh":126,"minecraft:mutton":42,"minecraft:snowball":16,"minecraft:white_wool":26,"minecraft:cobblestone":392,"minecraft:oxeye_daisy":1,"minecraft:birch_log":7,"minecraft:feather":1,"minecraft:andesite":92,"minecraft:salmon":77,"minecraft:leather":7,"minecraft:smoker":1,"minecraft:tuff":29,"minecraft:oak_log":27,"minecraft:chainmail_chestplate":1,"minecraft:gunpowder":13,"minecraft:lapis_lazuli":183,"minecraft:dirt":96,"minecraft:cooked_mutton":8,"minecraft:bone":59,"minecraft:bow":1,"minecraft:wheat_seeds":168,"minecraft:raw_gold":42,"minecraft:stone_pickaxe":2,"minecraft:glass_bottle":1,"minecraft:cooked_porkchop":6,"minecraft:pumpkin":6,"minecraft:sweet_berries":196,"minecraft:sand":43,"minecraft:amethyst_shard":8,"minecraft:ink_sac":4,"minecraft:spruce_log":39,"minecraft:spider_eye":7,"minecraft:leather_helmet":1,"travelersbackpack:white_sleeping_bag":10,"travelersbackpack:standard":4,"minecraft:slime_ball":3,"minecraft:diamond":10,"minecraft:chainmail_leggings":1,"minecraft:granite":22,"minecraft:bone_meal":5,"minecraft:coal":195,"minecraft:ender_pearl":1},"minecraft:mined":{"minecraft:large_amethyst_bud":4,"minecraft:tuff":36,"minecraft:farmland":3,"minecraft:deepslate_diamond_ore":9,"minecraft:oak_door":16,"minecraft:granite":42,"minecraft:grass_block":75,"travelersbackpack:white_sleeping_bag":10,"minecraft:spruce_leaves":4,"minecraft:oxeye_daisy":1,"minecraft:large_fern":25,"minecraft:tall_seagrass":1,"minecraft:furnace":2,"minecraft:carrots":2,"minecraft:iron_ore":48,"minecraft:cobbled_deepslate":8,"minecraft:snow":16,"minecraft:andesite":38,"minecraft:pumpkin":6,"minecraft:deepslate_lapis_ore":13,"minecraft:azure_bluet":2,"minecraft:deepslate_iron_ore":159,"minecraft:small_amethyst_bud":3,"minecraft:packed_ice":3,"minecraft:stone":395,"minecraft:deepslate_redstone_ore":7,"minecraft:smoker":1,"minecraft:medium_amethyst_bud":4,"minecraft:amethyst_cluster":2,"travelersbackpack:standard":2,"minecraft:crafting_table":6,"minecraft:torch":1,"minecraft:tall_grass":14,"minecraft:lapis_ore":13,"minecraft:deepslate_gold_ore":42,"minecraft:sugar_cane":11,"minecraft:diorite":16,"minecraft:wall_torch":13,"minecraft:birch_log":7,"minecraft:wheat":44,"minecraft:sweet_berry_bush":11,"minecraft:spruce_log":24,"minecraft:grass":359,"minecraft:oak_log":27,"minecraft:coal_ore":187,"minecraft:sand":43,"minecraft:dirt":21,"minecraft:oak_leaves":9,"minecraft:deepslate":400,"minecraft:fern":21}},"DataVersion":3465}