{"stats":{"minecraft:killed":{"minecraft:witch":1,"minecraft:spider":31,"minecraft:slime":4,"minecraft:skeleton":62,"minecraft:guardian":1,"minecraft:chicken":1,"minecraft:drowned":1,"minecraft:pig":4,"minecraft:zombie_villager":2,"minecraft:salmon":128,"minecraft:bat":1,"minecraft:creeper":21,"minecraft:sheep":23,"minecraft:zombie":154,"minecraft:enderman":4,"minecraft:cow":21},"minecraft:broken":{"minecraft:stone_sword":1,"minecraft:iron_boots":1,"minecraft:stone_hoe":1,"minecraft:stone_pickaxe":7,"minecraft:iron_sword":2,"minecraft:iron_pickaxe":2,"minecraft:iron_helmet":2,"minecraft:stone_shovel":1},"minecraft:custom":{"minecraft:interact_with_smithing_table":4,"minecraft:mob_kills":472,"minecraft:animals_bred":7,"minecraft:interact_with_crafting_table":71,"minecraft:interact_with_campfire":86,"minecraft:leave_game":7,"minecraft:time_since_death":35500,"minecraft:sprint_one_cm":1103700,"minecraft:walk_one_cm":1483530,"minecraft:drop":69,"minecraft:talked_to_villager":1,"minecraft:play_time":561509,"minecraft:sneak_time":8041,"minecraft:deaths":20,"minecraft:walk_under_water_one_cm":132849,"minecraft:jump":8054,"minecraft:interact_with_blast_furnace":34,"minecraft:walk_on_water_one_cm":130138,"minecraft:total_world_time":561509,"minecraft:interact_with_furnace":54,"minecraft:interact_with_stonecutter":1,"minecraft:sleep_in_bed":25,"minecraft:time_since_rest":14359,"minecraft:damage_taken":15617,"minecraft:damage_dealt":62284,"minecraft:swim_one_cm":451657,"minecraft:fly_one_cm":1326536,"minecraft:open_chest":216,"minecraft:crouch_one_cm":16235,"minecraft:interact_with_smoker":39,"minecraft:fall_one_cm":163715,"minecraft:horse_one_cm":5397},"minecraft:used":{"minecraft:stone_sword":196,"minecraft:stone_shovel":132,"minecraft:chest":6,"minecraft:iron_sword":941,"minecraft:cooked_salmon":88,"minecraft:stone_hoe":159,"minecraft:oak_door":21,"minecraft:torch":137,"minecraft:dirt":41,"minecraft:carrot":8,"minecraft:tuff":14,"minecraft:granite":1,"minecraft:milk_bucket":1,"minecraft:iron_axe":98,"minecraft:birch_sapling":1,"minecraft:bamboo":2,"minecraft:bow":25,"minecraft:hay_block":2,"minecraft:sweet_berries":217,"minecraft:furnace":5,"minecraft:cooked_beef":17,"minecraft:cobbled_deepslate":79,"travelersbackpack:spider":4,"minecraft:wheat_seeds":444,"minecraft:cooked_mutton":40,"minecraft:water_bucket":29,"minecraft:stone_pickaxe":1050,"minecraft:wooden_pickaxe":23,"minecraft:composter":2,"minecraft:crafting_table":13,"minecraft:blast_furnace":1,"minecraft:white_bed":1,"minecraft:campfire":2,"minecraft:smoker":2,"minecraft:oxeye_daisy":1,"minecraft:iron_pickaxe":670,"travelersbackpack:white_sleeping_bag":11,"minecraft:stone_axe":68,"minecraft:cobblestone":80,"travelersbackpack:standard":6,"minecraft:cooked_porkchop":1,"minecraft:smithing_table":1,"minecraft:andesite":1,"minecraft:bucket":35,"minecraft:dandelion":1},"minecraft:mined":{"minecraft:large_amethyst_bud":4,"minecraft:tuff":36,"minecraft:farmland":3,"minecraft:deepslate_diamond_ore":18,"minecraft:oak_door":18,"minecraft:granite":42,"minecraft:grass_block":182,"travelersbackpack:white_sleeping_bag":12,"minecraft:spruce_leaves":4,"minecraft:oxeye_daisy":1,"minecraft:spawner":1,"minecraft:large_fern":25,"minecraft:hay_block":32,"minecraft:tall_seagrass":2,"minecraft:furnace":4,"minecraft:carrots":2,"minecraft:iron_ore":80,"minecraft:cobbled_deepslate":21,"minecraft:snow":16,"minecraft:andesite":39,"minecraft:pumpkin":6,"minecraft:deepslate_lapis_ore":13,"minecraft:azure_bluet":2,"minecraft:deepslate_iron_ore":192,"minecraft:rail":62,"minecraft:small_amethyst_bud":3,"minecraft:packed_ice":3,"minecraft:stone":411,"travelersbackpack:spider":2,"minecraft:deepslate_redstone_ore":7,"minecraft:medium_amethyst_bud":4,"minecraft:smoker":2,"minecraft:amethyst_cluster":3,"travelersbackpack:standard":2,"minecraft:crafting_table":11,"minecraft:torch":1,"minecraft:tall_grass":43,"minecraft:deepslate_coal_ore":4,"minecraft:deepslate_gold_ore":42,"minecraft:lapis_ore":13,"minecraft:sugar_cane":11,"minecraft:diorite":16,"minecraft:wall_torch":13,"minecraft:seagrass":1,"minecraft:birch_log":7,"minecraft:wheat":152,"minecraft:sweet_berry_bush":11,"minecraft:spruce_log":24,"minecraft:grass":373,"minecraft:oak_log":27,"minecraft:coal_ore":286,"minecraft:gravel":2,"minecraft:sand":111,"minecraft:dirt":89,"minecraft:oak_leaves":9,"minecraft:deepslate":431,"minecraft:fern":21},"minecraft:picked_up":{"minecraft:charcoal":3,"minecraft:crafting_table":11,"minecraft:wheat":150,"minecraft:azure_bluet":2,"minecraft:chainmail_boots":1,"minecraft:chicken":2,"minecraft:chest_minecart":2,"travelersbackpack:spider":2,"minecraft:string":57,"minecraft:cooked_salmon":72,"minecraft:cobbled_deepslate":483,"minecraft:detector_rail":3,"minecraft:beef":42,"minecraft:sugar_cane":20,"minecraft:birch_sapling":1,"minecraft:furnace":4,"minecraft:egg":10,"minecraft:golden_helmet":1,"minecraft:stick":4,"minecraft:raw_iron":271,"minecraft:oak_door":20,"minecraft:copper_ingot":1,"minecraft:torch":15,"minecraft:porkchop":9,"minecraft:diorite":3,"minecraft:carrot":9,"minecraft:redstone":31,"minecraft:stone_sword":2,"minecraft:arrow":72,"minecraft:rotten_flesh":168,"minecraft:beetroot_seeds":6,"minecraft:hay_block":32,"minecraft:mutton":44,"minecraft:snowball":16,"minecraft:rail":76,"minecraft:white_wool":27,"minecraft:cobblestone":414,"minecraft:oxeye_daisy":1,"minecraft:birch_log":7,"minecraft:feather":1,"minecraft:glow_ink_sac":1,"minecraft:andesite":93,"minecraft:salmon":127,"minecraft:leather":18,"minecraft:smoker":2,"minecraft:tuff":30,"minecraft:oak_log":28,"minecraft:chainmail_chestplate":1,"minecraft:gunpowder":23,"travelersbackpack:gold_tier_upgrade":1,"minecraft:lapis_lazuli":183,"minecraft:dirt":271,"minecraft:name_tag":1,"minecraft:cooked_mutton":8,"minecraft:bone":75,"minecraft:bow":1,"minecraft:wheat_seeds":468,"minecraft:raw_gold":42,"minecraft:stone_pickaxe":2,"minecraft:glass_bottle":1,"minecraft:powered_rail":4,"minecraft:oak_planks":3,"minecraft:cooked_porkchop":6,"minecraft:pumpkin":6,"minecraft:sweet_berries":196,"minecraft:dandelion":1,"minecraft:gravel":4,"minecraft:sand":111,"minecraft:amethyst_shard":12,"minecraft:ink_sac":4,"minecraft:spruce_log":39,"minecraft:spider_eye":10,"minecraft:leather_helmet":1,"travelersbackpack:white_sleeping_bag":11,"travelersbackpack:standard":4,"minecraft:slime_ball":3,"minecraft:diamond":20,"minecraft:chainmail_leggings":1,"minecraft:granite":22,"minecraft:bone_meal":14,"minecraft:bread":3,"minecraft:coal":294,"minecraft:ender_pearl":1},"minecraft:killed_by":{"minecraft:spider":1,"minecraft:skeleton":11,"minecraft:zombie":3},"minecraft:crafted":{"minecraft:oak_door":6,"minecraft:smooth_stone":6,"minecraft:oak_planks":88,"minecraft:stone_shovel":1,"travelersbackpack:crafting_upgrade":1,"minecraft:furnace":4,"minecraft:blast_furnace":1,"minecraft:stone":10,"travelersbackpack:blank_upgrade":4,"minecraft:cooked_mutton":34,"minecraft:glass":80,"travelersbackpack:white_sleeping_bag":2,"minecraft:bow":1,"minecraft:iron_boots":2,"minecraft:iron_axe":1,"minecraft:spruce_slab":12,"minecraft:stone_pickaxe":8,"minecraft:chest":8,"minecraft:stone_hoe":1,"travelersbackpack:spider":1,"minecraft:smoker":1,"minecraft:cooked_beef":42,"minecraft:oak_slab":6,"travelersbackpack:iron_tier_upgrade":1,"minecraft:cooked_porkchop":3,"minecraft:crafting_table":3,"minecraft:spruce_planks":36,"travelersbackpack:standard":4,"travelersbackpack:backpack_tank":6,"minecraft:wooden_pickaxe":1,"minecraft:iron_helmet":2,"minecraft:iron_sword":4,"minecraft:smithing_table":1,"minecraft:cooked_salmon":42,"minecraft:bucket":3,"minecraft:hay_block":2,"minecraft:birch_planks":28,"minecraft:campfire":2,"minecraft:stone_axe":1,"minecraft:air":0,"minecraft:iron_chestplate":2,"minecraft:charcoal":4,"minecraft:diamond_pickaxe":1,"minecraft:stick":84,"minecraft:iron_ingot":265,"minecraft:iron_pickaxe":4,"minecraft:stone_sword":2,"minecraft:snow_block":4,"minecraft:gold_ingot":40,"minecraft:iron_leggings":2,"minecraft:white_bed":1,"minecraft:composter":2,"minecraft:torch":124},"minecraft:dropped":{"minecraft:iron_sword":1,"minecraft:wheat_seeds":23,"minecraft:ender_pearl":1,"minecraft:feather":1,"minecraft:granite":21,"travelersbackpack:standard":2,"minecraft:leather_helmet":1,"minecraft:diorite":3,"minecraft:iron_leggings":1,"minecraft:bone_meal":1,"minecraft:string":1,"minecraft:gravel":4,"minecraft:stone_sword":3,"minecraft:tuff":16,"minecraft:rotten_flesh":25,"minecraft:iron_boots":1,"minecraft:azure_bluet":2,"minecraft:iron_chestplate":1,"minecraft:andesite":92,"minecraft:spider_eye":3,"minecraft:stone_pickaxe":3}},"DataVersion":3465}