{"stats":{"minecraft:broken":{"minecraft:iron_shovel":1,"minecraft:iron_boots":1,"minecraft:stone_pickaxe":7,"minecraft:iron_sword":3,"minecraft:stone_shovel":1,"minecraft:iron_hoe":1,"minecraft:stone_sword":1,"minecraft:stone_hoe":1,"minecraft:iron_axe":1,"minecraft:iron_pickaxe":4,"minecraft:iron_helmet":2},"minecraft:killed_by":{"minecraft:zombie":3,"minecraft:spider":1,"minecraft:skeleton":13},"minecraft:killed":{"minecraft:witch":1,"minecraft:spider":37,"minecraft:skeleton":81,"minecraft:guardian":1,"minecraft:chicken":1,"minecraft:pig":4,"minecraft:zombie_villager":5,"minecraft:salmon":128,"minecraft:creeper":26,"minecraft:sheep":23,"minecraft:trader_llama":2,"minecraft:zombie":185,"minecraft:glow_squid":2,"minecraft:cow":70,"minecraft:slime":4,"minecraft:drowned":1,"minecraft:bat":1,"minecraft:squid":2,"minecraft:enderman":4},"minecraft:picked_up":{"minecraft:wheat":269,"minecraft:chainmail_boots":1,"minecraft:flower_pot":1,"minecraft:smithing_table":4,"minecraft:lead":2,"travelersbackpack:spider":2,"minecraft:string":61,"minecraft:cooked_salmon":72,"minecraft:cobbled_deepslate":554,"minecraft:furnace":4,"minecraft:golden_helmet":2,"minecraft:stick":15,"minecraft:composter":1,"minecraft:torch":41,"minecraft:porkchop":9,"minecraft:diorite":3,"minecraft:golden_chestplate":1,"minecraft:stone_sword":2,"minecraft:rotten_flesh":207,"minecraft:obsidian":21,"minecraft:snowball":16,"minecraft:cobblestone":440,"minecraft:birch_log":12,"minecraft:feather":1,"minecraft:andesite":96,"minecraft:smoker":4,"minecraft:potato":26,"minecraft:flint":3,"minecraft:tuff":34,"minecraft:dirt":713,"travelersbackpack:gold_tier_upgrade":1,"minecraft:lapis_lazuli":201,"minecraft:name_tag":1,"minecraft:bone":93,"minecraft:bow":2,"minecraft:stonecutter":1,"minecraft:wheat_seeds":810,"minecraft:raw_gold":94,"minecraft:grindstone":3,"minecraft:powered_rail":4,"minecraft:oak_planks":3,"minecraft:cooked_porkchop":6,"travelersbackpack:squid":1,"minecraft:sand":111,"minecraft:ink_sac":8,"travelersbackpack:white_sleeping_bag":13,"minecraft:diamond":34,"minecraft:granite":27,"minecraft:bone_meal":20,"minecraft:bread":3,"minecraft:oak_sapling":14,"minecraft:netherrack":2,"minecraft:charcoal":3,"minecraft:crafting_table":11,"minecraft:azure_bluet":2,"minecraft:chicken":2,"minecraft:chest_minecart":2,"minecraft:brown_mushroom":12,"minecraft:gold_block":2,"minecraft:cartography_table":2,"minecraft:detector_rail":3,"minecraft:beef":153,"minecraft:poppy":1,"minecraft:sugar_cane":155,"minecraft:birch_sapling":1,"minecraft:egg":11,"minecraft:raw_iron":465,"minecraft:oak_door":21,"minecraft:copper_ingot":1,"minecraft:carrot":126,"minecraft:redstone":72,"minecraft:arrow":90,"minecraft:beetroot_seeds":6,"minecraft:hay_block":32,"minecraft:mutton":46,"minecraft:white_wool":51,"minecraft:rail":76,"minecraft:oxeye_daisy":1,"minecraft:glow_ink_sac":5,"minecraft:salmon":127,"minecraft:leather":57,"minecraft:oak_log":82,"minecraft:chainmail_chestplate":1,"minecraft:gunpowder":30,"minecraft:cooked_mutton":8,"minecraft:apple":2,"minecraft:stone_pickaxe":2,"minecraft:glass_bottle":1,"minecraft:book":6,"minecraft:pumpkin":21,"minecraft:sweet_berries":196,"minecraft:dandelion":7,"minecraft:gravel":72,"minecraft:amethyst_shard":12,"minecraft:spruce_sapling":1,"minecraft:spruce_log":39,"minecraft:crying_obsidian":2,"minecraft:spider_eye":11,"minecraft:leather_helmet":1,"travelersbackpack:standard":4,"minecraft:slime_ball":3,"minecraft:chainmail_leggings":1,"minecraft:coal":419,"minecraft:ender_pearl":1},"minecraft:custom":{"minecraft:animals_bred":25,"minecraft:interact_with_crafting_table":88,"minecraft:leave_game":8,"minecraft:time_since_death":52597,"minecraft:sprint_one_cm":1653376,"minecraft:drop":101,"minecraft:talked_to_villager":15,"minecraft:play_time":783876,"minecraft:deaths":23,"minecraft:jump":12343,"minecraft:walk_on_water_one_cm":160033,"minecraft:interact_with_furnace":63,"minecraft:sleep_in_bed":34,"minecraft:damage_dealt":79551,"minecraft:crouch_one_cm":35830,"minecraft:interact_with_smoker":44,"minecraft:horse_one_cm":5397,"minecraft:interact_with_smithing_table":5,"minecraft:mob_kills":596,"minecraft:interact_with_campfire":86,"minecraft:climb_one_cm":363,"minecraft:walk_one_cm":2176073,"minecraft:sneak_time":15581,"minecraft:walk_under_water_one_cm":149373,"minecraft:interact_with_blast_furnace":51,"minecraft:total_world_time":783876,"minecraft:interact_with_stonecutter":1,"minecraft:time_since_rest":20665,"minecraft:damage_taken":19018,"minecraft:swim_one_cm":529818,"minecraft:fly_one_cm":2213863,"minecraft:open_chest":341,"minecraft:fall_one_cm":267876},"minecraft:crafted":{"minecraft:smooth_stone":6,"minecraft:oak_planks":304,"travelersbackpack:crafting_upgrade":1,"minecraft:stone":10,"minecraft:bookshelf":3,"minecraft:cooked_mutton":34,"minecraft:glass":80,"minecraft:bow":2,"minecraft:iron_boots":3,"minecraft:chest":9,"minecraft:stone_hoe":1,"minecraft:smoker":1,"minecraft:oak_slab":6,"travelersbackpack:iron_tier_upgrade":1,"minecraft:cooked_porkchop":3,"minecraft:crafting_table":3,"minecraft:spruce_planks":36,"minecraft:iron_helmet":3,"minecraft:wooden_pickaxe":1,"travelersbackpack:standard":5,"minecraft:smithing_table":1,"minecraft:fletching_table":1,"minecraft:hay_block":2,"minecraft:birch_planks":48,"minecraft:campfire":2,"minecraft:diamond_pickaxe":1,"minecraft:iron_chestplate":3,"minecraft:book":10,"minecraft:paper":30,"minecraft:charcoal":4,"minecraft:stick":128,"minecraft:iron_ingot":388,"minecraft:iron_pickaxe":6,"minecraft:stone_sword":2,"minecraft:snow_block":4,"minecraft:gold_ingot":94,"minecraft:composter":2,"minecraft:shears":1,"minecraft:oak_door":9,"minecraft:stone_shovel":1,"minecraft:furnace":5,"minecraft:blast_furnace":1,"travelersbackpack:blank_upgrade":4,"travelersbackpack:white_sleeping_bag":3,"minecraft:iron_axe":1,"minecraft:spruce_slab":12,"minecraft:iron_hoe":2,"minecraft:stone_pickaxe":8,"travelersbackpack:spider":1,"minecraft:cooked_beef":42,"minecraft:enchanting_table":1,"travelersbackpack:backpack_tank":13,"minecraft:iron_sword":5,"minecraft:cooked_salmon":42,"minecraft:bucket":3,"minecraft:stone_axe":1,"minecraft:bread":52,"minecraft:air":0,"travelersbackpack:squid":1,"minecraft:iron_shovel":2,"minecraft:iron_leggings":3,"minecraft:white_bed":1,"minecraft:torch":296},"minecraft:dropped":{"minecraft:iron_sword":1,"minecraft:ender_pearl":1,"travelersbackpack:standard":2,"minecraft:leather_helmet":1,"minecraft:bone_meal":1,"minecraft:white_wool":2,"minecraft:gravel":4,"minecraft:rotten_flesh":25,"minecraft:azure_bluet":2,"minecraft:poppy":1,"minecraft:wheat_seeds":47,"minecraft:feather":1,"minecraft:granite":24,"minecraft:diorite":3,"minecraft:iron_leggings":2,"minecraft:string":1,"minecraft:dandelion":5,"minecraft:stone_sword":3,"minecraft:tuff":16,"minecraft:iron_boots":1,"minecraft:iron_chestplate":2,"minecraft:andesite":93,"minecraft:spider_eye":3,"minecraft:stone_pickaxe":3},"minecraft:used":{"minecraft:iron_shovel":444,"minecraft:chest":6,"minecraft:iron_sword":1234,"minecraft:carrot":128,"minecraft:tuff":18,"minecraft:milk_bucket":1,"minecraft:birch_sapling":1,"minecraft:bow":51,"minecraft:hay_block":2,"minecraft:sweet_berries":217,"minecraft:furnace":5,"minecraft:oak_sapling":18,"minecraft:potato":34,"travelersbackpack:spider":5,"minecraft:stone_pickaxe":1050,"minecraft:wooden_pickaxe":23,"minecraft:composter":2,"minecraft:sugar_cane":26,"minecraft:blast_furnace":1,"minecraft:bread":59,"minecraft:smithing_table":5,"minecraft:andesite":3,"minecraft:golden_pickaxe":1,"minecraft:stone_sword":196,"minecraft:stone_shovel":132,"minecraft:cooked_salmon":114,"minecraft:stone_hoe":159,"minecraft:netherrack":2,"minecraft:oak_door":22,"minecraft:torch":335,"minecraft:dirt":257,"minecraft:granite":3,"minecraft:iron_hoe":274,"minecraft:iron_axe":179,"travelersbackpack:squid":1,"minecraft:bamboo":2,"minecraft:cooked_beef":17,"minecraft:cobbled_deepslate":105,"minecraft:wheat_seeds":755,"minecraft:cooked_mutton":40,"minecraft:water_bucket":73,"minecraft:fletching_table":1,"minecraft:crafting_table":13,"minecraft:campfire":2,"minecraft:white_bed":1,"minecraft:smoker":2,"minecraft:diamond_pickaxe":26,"minecraft:oxeye_daisy":1,"minecraft:iron_pickaxe":1171,"travelersbackpack:white_sleeping_bag":13,"minecraft:stone_axe":68,"minecraft:cobblestone":80,"travelersbackpack:standard":6,"minecraft:cooked_porkchop":1,"minecraft:bucket":89,"minecraft:dandelion":2},"minecraft:mined":{"minecraft:large_amethyst_bud":4,"minecraft:farmland":4,"minecraft:obsidian":21,"minecraft:granite":44,"minecraft:grass_block":528,"minecraft:composter":1,"minecraft:oxeye_daisy":1,"minecraft:spawner":1,"minecraft:tall_seagrass":2,"minecraft:cobbled_deepslate":21,"minecraft:iron_ore":169,"minecraft:fire":7,"minecraft:pumpkin":21,"minecraft:deepslate_lapis_ore":15,"minecraft:azure_bluet":2,"minecraft:small_amethyst_bud":3,"minecraft:deepslate_redstone_ore":16,"minecraft:brown_mushroom":12,"minecraft:smoker":4,"minecraft:medium_amethyst_bud":4,"minecraft:amethyst_cluster":3,"minecraft:torch":21,"minecraft:grindstone":3,"minecraft:sugar_cane":58,"minecraft:wall_torch":16,"minecraft:seagrass":1,"minecraft:birch_log":12,"minecraft:wheat":273,"minecraft:grass":411,"minecraft:oak_log":81,"minecraft:sand":111,"minecraft:dirt":185,"minecraft:stonecutter":1,"minecraft:netherrack":2,"minecraft:oak_leaves":52,"minecraft:deepslate":492,"minecraft:crying_obsidian":2,"minecraft:tuff":38,"minecraft:deepslate_diamond_ore":32,"minecraft:oak_door":19,"travelersbackpack:white_sleeping_bag":14,"minecraft:spruce_leaves":8,"minecraft:cartography_table":2,"minecraft:large_fern":32,"minecraft:hay_block":32,"minecraft:furnace":4,"minecraft:carrots":34,"minecraft:snow":16,"minecraft:andesite":42,"minecraft:gold_block":2,"minecraft:bookshelf":2,"minecraft:potatoes":7,"minecraft:deepslate_iron_ore":297,"minecraft:rail":62,"minecraft:potted_spruce_sapling":1,"minecraft:packed_ice":3,"minecraft:stone":434,"travelersbackpack:spider":2,"minecraft:smithing_table":4,"travelersbackpack:standard":2,"minecraft:crafting_table":11,"minecraft:tall_grass":56,"minecraft:deepslate_coal_ore":4,"minecraft:lapis_ore":13,"minecraft:deepslate_gold_ore":85,"minecraft:diorite":16,"travelersbackpack:squid":1,"minecraft:sweet_berry_bush":11,"minecraft:spruce_log":24,"minecraft:coal_ore":412,"minecraft:gravel":22,"minecraft:gold_ore":9,"minecraft:fern":22}},"DataVersion":3465}